Date,Day,Month,Year,UserName,Device,OS,AppName,Category,SubCategory,ProjectName,ProjectType,ProjectStatus,SessionType,StartTime,EndTime,TimeSpentMinutes,Productive,CPUUsagePercent,RAMUsagePercent,BatteryPercent,NetworkUsageMB,LinesOfCode,FilesEdited,Commits,BuildCount,ErrorsCount,Keystrokes,MouseClicks,FocusScore,ProductivityScore,Priority,Git_Branch,Energy_Consumption_Wh
1/16/2026,Friday,January,2026,Shashwath-K,Laptop,Arch Linux,Jupyter,Coding,Various,log_stat_analyzer,Research,Active,Deep Work,10:00,12:00,55,Yes,90,61,63,245.6,108,3,0,0,0,3465,990,81,92,Medium,feature/ui,3.13
3/2/2026,Monday,March,2026,Shashwath-K,Laptop,Windows 11,Power BI,Data Analysis,Various,N/A,Personal,Active,Deep Work,10:00,12:00,81,Yes,55,88,94,346.8,131,7,0,0,0,4779,729,93,84,Medium,dev,4.95
3/4/2026,Wednesday,March,2026,Shashwath-K,Laptop,Windows 11,Antigravity,Coding,Various,lane_edge_detection_pipeline,Personal,Active,Deep Work,10:00,12:00,111,Yes,43,53,39,89.2,0,5,0,0,0,3108,2109,96,87,High,hotfix/bug-123,3.86
1/10/2026,Saturday,January,2026,Shashwath-K,Laptop,Arch Linux,VS Code,Coding,Various,TablerMedian,Personal,Active,Deep Work,10:00,12:00,95,Yes,73,74,24,12.5,50,3,0,9,24,1425,3420,90,71,Medium,refactor/core,4.68
12/28/2025,Sunday,December,2025,Shashwath-K,Laptop,Windows 11,IntelliJ IDEA,App Development,Various,Portfolio-24,Personal,Active,Deep Work,10:00,12:00,158,Yes,31,47,50,273.6,0,2,0,0,0,7584,5372,89,93,High,main,0.85
1/15/2026,Thursday,January,2026,Shashwath-K,Mobile,Android,Instagram,Social,Various,N/A,Personal,Active,Distraction,10:00,12:00,152,No,16,77,51,448,0,0,0,0,0,11704,1368,27,26,High,feature/ui,4.45
3/6/2026,Friday,March,2026,Shashwath-K,Laptop,Windows 11,Antigravity,Coding,Various,lane_edge_detection_pipeline,Personal,Active,Deep Work,10:00,12:00,153,Yes,26,42,62,493.5,0,4,0,0,0,11475,1683,94,78,High,main,0.79
2/10/2026,Tuesday,February,2026,Shashwath-K,Laptop,Windows 11,Antigravity,Coding,Various,Tree-flow-alpha,Personal,Active,Deep Work,10:00,12:00,74,Yes,30,71,85,431.7,0,6,0,0,0,4218,370,87,93,Medium,dev,4.9
12/1/2025,Monday,December,2025,Shashwath-K,Laptop,Windows 11,IntelliJ IDEA,App Development,Various,Portfolio-24,Personal,Active,Deep Work,10:00,12:00,136,Yes,45,91,73,109.3,0,4,0,0,0,10880,4352,90,93,High,hotfix/bug-123,1.8
3/4/2026,Wednesday,March,2026,Shashwath-K,Laptop,Arch Linux,Jupyter,Coding,Various,SkillSphere-Demo,Research,Active,Deep Work,10:00,12:00,38,Yes,83,90,39,64.6,386,7,0,0,0,456,874,85,83,Low,main,0.8
2/5/2026,Thursday,February,2026,Shashwath-K,Laptop,Arch Linux,VS Code,Coding,Various,python_based_simple_resume_analyzer,Research,Active,Deep Work,10:00,12:00,106,Yes,62,53,77,50.3,339,5,0,15,22,7420,1802,96,88,Medium,hotfix/bug-123,2.74
2/7/2026,Saturday,February,2026,Shashwath-K,Laptop,Arch Linux,Jupyter,Coding,Various,lane_edge_detection_pipeline,Research,Active,Deep Work,10:00,12:00,178,Yes,83,91,54,168.1,341,5,0,0,0,2492,7654,95,75,Medium,main,3.25
1/23/2026,Friday,January,2026,Shashwath-K,Laptop,Arch Linux,Jupyter,Coding,Various,TablerMedian,Research,Active,Deep Work,10:00,12:00,31,Yes,76,71,34,156,63,1,0,0,0,2449,1116,89,72,Low,refactor/core,0.57
11/17/2025,Monday,November,2025,Shashwath-K,Laptop,Windows 11,Antigravity,Coding,Various,TablerMedian,Personal,Active,Deep Work,10:00,12:00,122,Yes,28,69,52,51.7,0,3,0,0,0,3172,2928,95,88,Medium,hotfix/bug-123,4.57
1/30/2026,Friday,January,2026,Shashwath-K,Laptop,Windows 11,IntelliJ IDEA,App Development,Various,University_Policy_Chatbot,Personal,Active,Deep Work,10:00,12:00,136,Yes,47,85,53,287.1,0,10,0,0,0,2720,680,83,82,Low,main,1.97
1/23/2026,Friday,January,2026,Shashwath-K,Mobile,Android,Instagram,Social,Various,N/A,Personal,Active,Distraction,10:00,12:00,52,No,13,71,92,381.7,0,0,0,0,0,1768,1924,13,25,Medium,refactor/core,4.01
3/6/2026,Friday,March,2026,Shashwath-K,Laptop,Arch Linux,VS Code,Coding,Various,TablerMedian,Research,Active,Deep Work,10:00,12:00,49,Yes,66,93,93,145.2,202,4,0,9,10,2107,2205,81,85,Medium,main,4.71
2/20/2026,Friday,February,2026,Shashwath-K,Mobile,Android,Instagram,Social,Various,N/A,Personal,Active,Distraction,10:00,12:00,35,No,18,42,74,459.2,0,0,0,0,0,420,1575,21,10,Low,refactor/core,1.7
12/25/2025,Thursday,December,2025,Shashwath-K,Laptop,Windows 11,IntelliJ IDEA,App Development,Various,python_based_simple_resume_analyzer,Personal,Active,Deep Work,10:00,12:00,31,Yes,30,60,50,27.6,0,7,0,0,0,2232,279,80,86,Low,main,3.15
2/17/2026,Tuesday,February,2026,Shashwath-K,Laptop,Windows 11,VS Code,Coding,Various,lane_edge_detection_pipeline,Personal,Active,Deep Work,10:00,12:00,76,Yes,87,69,62,369.2,183,8,0,7,26,3496,1976,84,92,High,refactor/core,2.84
2/12/2026,Thursday,February,2026,Shashwath-K,Mobile,Android,YouTube,Media,Various,N/A,Personal,Active,Distraction,10:00,12:00,123,No,30,60,96,301.1,0,0,0,0,0,2091,1230,29,20,High,feature/ui,4.06
3/7/2026,Saturday,March,2026,Shashwath-K,Laptop,Windows 11,VS Code,Coding,Various,Python_auto_documenter,Personal,Active,Deep Work,10:00,12:00,42,Yes,93,57,83,470.7,149,9,0,12,15,2520,420,88,89,Medium,main,3.84
11/26/2025,Wednesday,November,2025,Shashwath-K,Laptop,Arch Linux,Jupyter,Coding,Various,TablerMedian,Research,Active,Deep Work,10:00,12:00,150,Yes,76,53,35,364.1,309,9,0,0,0,6150,3600,84,92,Medium,dev,3.21
1/31/2026,Saturday,January,2026,Shashwath-K,Mobile,Android,Instagram,Social,Various,N/A,Personal,Active,Distraction,10:00,12:00,97,No,15,54,71,205,0,0,0,0,0,2231,4559,12,24,Low,refactor/core,1.76
11/7/2025,Friday,November,2025,Shashwath-K,Laptop,Windows 11,Antigravity,Coding,Various,Portfolio-24,Personal,Active,Deep Work,10:00,12:00,93,Yes,34,90,30,306.8,0,10,0,0,0,7440,1581,91,85,Medium,refactor/core,1.66
1/20/2026,Tuesday,January,2026,Shashwath-K,Laptop,Arch Linux,VS Code,Coding,Various,Python_auto_documenter,Research,Active,Deep Work,10:00,12:00,58,Yes,65,40,51,128.7,71,3,0,3,12,696,2494,83,89,Medium,feature/ui,3.32
2/24/2026,Tuesday,February,2026,Shashwath-K,Laptop,Windows 11,Antigravity,Coding,Various,python_based_simple_resume_analyzer,Personal,Active,Deep Work,10:00,12:00,79,Yes,32,87,60,223.3,0,5,0,0,0,3397,2370,90,87,High,refactor/core,2.49
3/8/2026,Sunday,March,2026,Shashwath-K,Mobile,Android,YouTube,Media,Various,N/A,Personal,Active,Distraction,10:00,12:00,178,No,18,53,75,111.6,0,0,0,0,0,12638,1246,20,9,Low,main,4.23
1/21/2026,Wednesday,January,2026,Shashwath-K,Laptop,Windows 11,IntelliJ IDEA,App Development,Various,Tree-flow-alpha,Personal,Active,Deep Work,10:00,12:00,52,Yes,36,71,44,204.3,0,9,0,0,0,1976,1300,92,73,Low,main,2.53
1/9/2026,Friday,January,2026,Shashwath-K,Laptop,Windows 11,Antigravity,Coding,Various,Python_auto_documenter,Personal,Active,Deep Work,10:00,12:00,48,Yes,37,51,50,455.7,0,4,0,0,0,1440,1632,87,92,High,dev,2.01
2/13/2026,Friday,February,2026,Shashwath-K,Laptop,Windows 11,Power BI,Data Analysis,Various,N/A,Personal,Active,Deep Work,10:00,12:00,33,Yes,44,70,33,228.8,88,10,0,0,0,1287,561,83,73,Low,refactor/core,3.24
3/2/2026,Monday,March,2026,Shashwath-K,Laptop,Windows 11,Antigravity,Coding,Various,Cybersecurity-Demo-Dashboard,Personal,Active,Deep Work,10:00,12:00,146,Yes,42,41,23,194.8,0,10,0,0,0,2336,1168,85,81,Low,main,3.63
3/14/2026,Saturday,March,2026,Shashwath-K,Laptop,Windows 11,IntelliJ IDEA,App Development,Various,Python_auto_documenter,Personal,Active,Deep Work,10:00,12:00,118,Yes,47,92,72,234.8,0,7,0,0,0,2124,1534,94,73,Low,hotfix/bug-123,3.77
1/13/2026,Tuesday,January,2026,Shashwath-K,Laptop,Windows 11,Power BI,Data Analysis,Various,N/A,Personal,Active,Deep Work,10:00,12:00,34,Yes,48,78,71,233.8,118,10,0,0,0,748,782,77,76,Low,refactor/core,4.84
1/27/2026,Tuesday,January,2026,Shashwath-K,Laptop,Windows 11,Power BI,Data Analysis,Various,N/A,Personal,Active,Deep Work,10:00,12:00,100,Yes,62,86,45,110.6,283,2,0,0,0,7900,3300,81,70,Low,dev,0.95
2/25/2026,Wednesday,February,2026,Shashwath-K,Laptop,Windows 11,Power BI,Data Analysis,Various,N/A,Personal,Active,Deep Work,10:00,12:00,170,Yes,63,69,80,16.2,171,6,0,0,0,3740,6460,93,71,Low,refactor/core,3.56
11/28/2025,Friday,November,2025,Shashwath-K,Laptop,Arch Linux,VS Code,Coding,Various,SkillSphere-Demo,Research,Active,Deep Work,10:00,12:00,155,Yes,86,73,24,321.5,258,5,0,14,21,11005,5890,85,88,Low,hotfix/bug-123,1.99
11/15/2025,Saturday,November,2025,Shashwath-K,Laptop,Windows 11,Power BI,Data Analysis,Various,N/A,Personal,Active,Deep Work,10:00,12:00,143,Yes,59,41,84,211.1,241,3,0,0,0,5291,2860,76,75,Low,refactor/core,1.12
1/28/2026,Wednesday,January,2026,Shashwath-K,Laptop,Windows 11,Chrome,Browser,Various,N/A,Research,Active,Deep Work,10:00,12:00,85,Yes,41,40,33,208.8,0,1,0,0,0,1700,680,86,80,Low,hotfix/bug-123,4.3
1/15/2026,Thursday,January,2026,Shashwath-K,Laptop,Windows 11,Chrome,Browser,Various,N/A,Personal,Active,Distraction,10:00,12:00,88,No,32,63,30,144.4,0,0,0,0,0,1408,1232,36,13,Medium,dev,1.41
2/7/2026,Saturday,February,2026,Shashwath-K,Laptop,Windows 11,Chrome,Browser,Various,N/A,Personal,Active,Distraction,10:00,12:00,139,No,40,70,22,24.2,0,0,0,0,0,10286,3058,30,6,Medium,hotfix/bug-123,3.7
2/28/2026,Saturday,February,2026,Shashwath-K,Mobile,Android,Chrome,Browser,Various,N/A,Personal,Active,Distraction,10:00,12:00,88,No,29,84,62,261.8,0,0,0,0,0,2464,968,15,9,Medium,refactor/core,0.63
1/18/2026,Sunday,January,2026,Shashwath-K,Laptop,Windows 11,IntelliJ IDEA,App Development,Various,Tree-flow-alpha,Personal,Active,Deep Work,10:00,12:00,69,Yes,35,59,94,313.4,0,10,0,0,0,3588,621,96,87,Medium,dev,3.88
1/14/2026,Wednesday,January,2026,Shashwath-K,Laptop,Windows 11,Power BI,Data Analysis,Various,N/A,Personal,Active,Deep Work,10:00,12:00,133,Yes,41,44,93,102.9,355,3,0,0,0,7847,5320,93,78,Medium,refactor/core,1.11
2/11/2026,Wednesday,February,2026,Shashwath-K,Laptop,Arch Linux,Jupyter,Coding,Various,Tree-flow-alpha,Research,Active,Deep Work,10:00,12:00,91,Yes,76,55,65,46.8,351,9,0,0,0,2184,1729,79,85,Medium,hotfix/bug-123,3.05
1/13/2026,Tuesday,January,2026,Shashwath-K,Laptop,Windows 11,Chrome,Browser,Various,N/A,Personal,Active,Deep Work,10:00,12:00,119,Yes,28,89,48,121.3,0,2,0,0,0,2618,5593,91,75,Medium,main,2.47
11/23/2025,Sunday,November,2025,Shashwath-K,Laptop,Windows 11,YouTube,Media,Various,N/A,Personal,Active,Distraction,10:00,12:00,70,No,23,80,62,500,0,0,0,0,0,5530,2940,13,26,Medium,feature/ui,4.76
2/15/2026,Sunday,February,2026,Shashwath-K,Mobile,Android,YouTube,Media,Various,N/A,Personal,Active,Distraction,10:00,12:00,160,No,17,75,87,78.9,0,0,0,0,0,3840,6560,36,21,Low,refactor/core,2.8
11/23/2025,Sunday,November,2025,Shashwath-K,Laptop,Windows 11,Chrome,Browser,Various,N/A,Personal,Active,Distraction,10:00,12:00,117,No,36,93,21,51.5,0,0,0,0,0,3276,1287,29,19,Medium,main,1.24
2/24/2026,Tuesday,February,2026,Shashwath-K,Laptop,Windows 11,Antigravity,Coding,Various,Tree-flow-alpha,Personal,Active,Deep Work,10:00,12:00,168,Yes,27,50,65,171.3,0,4,0,0,0,3528,4536,93,91,Low,hotfix/bug-123,1.77
2/27/2026,Friday,February,2026,Shashwath-K,Mobile,Android,Instagram,Social,Various,N/A,Personal,Active,Distraction,10:00,12:00,150,No,13,73,47,76.2,0,0,0,0,0,11100,1350,11,17,Medium,hotfix/bug-123,4.96
11/19/2025,Wednesday,November,2025,Shashwath-K,Laptop,Windows 11,Chrome,Browser,Various,N/A,Research,Active,Deep Work,10:00,12:00,178,Yes,42,74,99,374.1,0,9,0,0,0,10324,8188,87,92,Medium,main,2.83
2/14/2026,Saturday,February,2026,Shashwath-K,Laptop,Windows 11,VS Code,Coding,Various,Python_auto_documenter,Personal,Active,Deep Work,10:00,12:00,160,Yes,81,69,48,424.7,381,3,0,0,0,6720,4480,80,73,High,dev,1.19
10/22/2025,Wednesday,October,2025,Shashwath-K,Laptop,Windows 11,YouTube,Media,Various,N/A,Personal,Active,Distraction,10:00,12:00,78,No,22,74,81,30.3,0,0,0,0,0,4446,2340,33,24,Low,refactor/core,2.53
12/24/2025,Wednesday,December,2025,Shashwath-K,Laptop,Windows 11,Antigravity,Coding,Various,SkillSphere-Demo,Personal,Active,Deep Work,10:00,12:00,155,Yes,39,60,21,260.8,0,6,0,0,0,11780,1395,81,72,Low,hotfix/bug-123,4.75
2/26/2026,Thursday,February,2026,Shashwath-K,Laptop,Windows 11,Power BI,Data Analysis,Various,N/A,Personal,Active,Deep Work,10:00,12:00,65,Yes,44,79,83,284.4,67,10,0,0,0,1495,2860,76,84,Low,dev,0.62
2/4/2026,Wednesday,February,2026,Shashwath-K,Laptop,Windows 11,IntelliJ IDEA,App Development,Various,log_stat_analyzer,Personal,Active,Deep Work,10:00,12:00,79,Yes,32,63,95,147.5,0,7,0,0,0,5767,632,98,72,Medium,hotfix/bug-123,3.63
12/6/2025,Saturday,December,2025,Shashwath-K,Laptop,Windows 11,VS Code,Coding,Various,SkillSphere-Demo,Research,Active,Deep Work,10:00,12:00,44,Yes,95,76,56,373.4,284,10,0,3,3,1848,1496,83,91,High,feature/ui,3.09
11/1/2025,Saturday,November,2025,Shashwath-K,Laptop,Arch Linux,VS Code,Coding,Various,Portfolio-24,Research,Active,Deep Work,10:00,12:00,34,Yes,67,65,54,283,370,8,0,0,16,2550,612,92,88,High,feature/ui,3.4
2/6/2026,Friday,February,2026,Shashwath-K,Laptop,Windows 11,YouTube,Media,Various,N/A,Personal,Active,Distraction,10:00,12:00,164,No,24,49,45,236.1,0,0,0,0,0,10496,6724,27,26,Low,main,1.46
2/15/2026,Sunday,February,2026,Shashwath-K,Laptop,Windows 11,VS Code,Coding,Various,Cybersecurity-Demo-Dashboard,Personal,Active,Deep Work,10:00,12:00,154,Yes,63,79,78,442.1,90,2,0,9,14,6776,3080,98,71,Low,main,4.5
2/6/2026,Friday,February,2026,Shashwath-K,Laptop,Windows 11,YouTube,Media,Various,N/A,Personal,Active,Distraction,10:00,12:00,75,No,15,66,80,454.1,0,0,0,0,0,5775,2775,17,26,Low,hotfix/bug-123,4.54
11/8/2025,Saturday,November,2025,Shashwath-K,Laptop,Windows 11,Power BI,Data Analysis,Various,N/A,Personal,Active,Deep Work,10:00,12:00,117,Yes,42,94,29,114.1,400,10,0,0,0,2223,4914,91,86,High,dev,4.92
2/6/2026,Friday,February,2026,Shashwath-K,Laptop,Windows 11,Chrome,Browser,Various,N/A,Research,Active,Deep Work,10:00,12:00,135,Yes,44,49,60,176.4,0,6,0,0,0,1620,6480,86,77,High,refactor/core,3.41
1/24/2026,Saturday,January,2026,Shashwath-K,Laptop,Windows 11,YouTube,Media,Various,N/A,Personal,Active,Distraction,10:00,12:00,105,No,30,78,40,188.6,0,0,0,0,0,1365,1785,25,10,Low,dev,2.13
3/14/2026,Saturday,March,2026,Shashwath-K,Laptop,Windows 11,YouTube,Media,Various,N/A,Personal,Active,Distraction,10:00,12:00,76,No,28,62,71,174.5,0,0,0,0,0,1976,3420,16,27,Low,hotfix/bug-123,4.67
12/11/2025,Thursday,December,2025,Shashwath-K,Mobile,Android,Instagram,Social,Various,N/A,Personal,Active,Distraction,10:00,12:00,133,No,19,54,26,104.1,0,0,0,0,0,7182,3059,18,25,High,refactor/core,3.73
12/16/2025,Tuesday,December,2025,Shashwath-K,Laptop,Windows 11,Power BI,Data Analysis,Various,N/A,Personal,Active,Deep Work,10:00,12:00,165,Yes,40,65,24,183.2,342,2,0,0,0,4620,4290,98,77,High,refactor/core,4.35
2/1/2026,Sunday,February,2026,Shashwath-K,Laptop,Windows 11,IntelliJ IDEA,App Development,Various,Cybersecurity-Demo-Dashboard,Personal,Active,Deep Work,10:00,12:00,92,Yes,30,79,46,145.7,0,3,0,0,0,4140,1012,89,74,Low,dev,2.96
1/27/2026,Tuesday,January,2026,Shashwath-K,Laptop,Windows 11,Antigravity,Coding,Various,python_based_simple_resume_analyzer,Personal,Active,Deep Work,10:00,12:00,123,Yes,35,66,99,150.5,0,6,0,0,0,6150,3690,75,91,Low,dev,2.53
1/19/2026,Monday,January,2026,Shashwath-K,Laptop,Arch Linux,Jupyter,Coding,Various,Tree-flow-alpha,Research,Active,Deep Work,10:00,12:00,145,Yes,85,88,27,75.8,113,4,0,0,0,10005,5075,89,80,High,hotfix/bug-123,2.63
1/29/2026,Thursday,January,2026,Shashwath-K,Mobile,Android,Chrome,Browser,Various,N/A,Personal,Active,Distraction,10:00,12:00,154,No,37,85,41,31.1,0,0,0,0,0,7392,4158,29,15,High,refactor/core,4.05
1/2/2026,Friday,January,2026,Shashwath-K,Mobile,Android,Instagram,Social,Various,N/A,Personal,Active,Distraction,10:00,12:00,47,No,13,89,31,277.3,0,0,0,0,0,1645,1598,19,29,Low,hotfix/bug-123,1.73
3/4/2026,Wednesday,March,2026,Shashwath-K,Laptop,Windows 11,Antigravity,Coding,Various,Cybersecurity-Demo-Dashboard,Personal,Active,Deep Work,10:00,12:00,148,Yes,37,90,92,204.4,0,7,6,0,0,1924,6216,76,78,High,feature/ui,1.57
2/13/2026,Friday,February,2026,Shashwath-K,Mobile,Android,YouTube,Media,Various,N/A,Personal,Active,Distraction,10:00,12:00,49,No,21,73,26,465.8,0,0,0,0,0,2352,1323,15,19,High,main,0.97
11/1/2025,Saturday,November,2025,Shashwath-K,Laptop,Windows 11,VS Code,Coding,Various,python_based_simple_resume_analyzer,Research,Active,Deep Work,10:00,12:00,97,Yes,68,43,64,99.9,145,7,0,14,11,1649,1940,91,93,Medium,refactor/core,3.91
1/27/2026,Tuesday,January,2026,Shashwath-K,Mobile,Android,Instagram,Social,Various,N/A,Personal,Active,Distraction,10:00,12:00,154,No,14,89,76,478.5,0,0,0,0,0,6622,5390,36,22,Low,dev,1.04
1/29/2026,Thursday,January,2026,Shashwath-K,Laptop,Windows 11,IntelliJ IDEA,App Development,Various,University_Policy_Chatbot,Personal,Active,Deep Work,10:00,12:00,98,Yes,43,59,70,17.7,0,3,0,0,0,6860,4312,90,76,High,refactor/core,1.26
2/9/2026,Monday,February,2026,Shashwath-K,Laptop,Windows 11,Chrome,Browser,Various,N/A,Research,Active,Deep Work,10:00,12:00,179,Yes,22,63,66,163.1,0,2,0,0,0,4654,2327,97,95,High,hotfix/bug-123,3.27
1/30/2026,Friday,January,2026,Shashwath-K,Laptop,Arch Linux,Jupyter,Coding,Various,log_stat_analyzer,Research,Active,Deep Work,10:00,12:00,67,Yes,80,92,61,131.5,392,2,0,0,0,3283,2077,85,77,Low,main,1.41
2/27/2026,Friday,February,2026,Shashwath-K,Mobile,Android,Instagram,Social,Various,N/A,Personal,Active,Distraction,10:00,12:00,138,No,12,73,62,239.5,0,0,0,0,0,4554,966,27,23,Medium,hotfix/bug-123,2.96
2/23/2026,Monday,February,2026,Shashwath-K,Laptop,Arch Linux,Jupyter,Coding,Various,Python_auto_documenter,Research,Active,Deep Work,10:00,12:00,104,Yes,81,86,78,376.5,228,9,0,0,0,7176,936,95,77,Medium,refactor/core,2.15
2/19/2026,Thursday,February,2026,Shashwath-K,Laptop,Windows 11,Chrome,Browser,Various,N/A,Personal,Active,Distraction,10:00,12:00,157,No,22,62,73,466.8,0,0,0,0,0,7379,5338,37,10,Medium,feature/ui,4.77
1/14/2026,Wednesday,January,2026,Shashwath-K,Laptop,Windows 11,VS Code,Coding,Various,University_Policy_Chatbot,Research,Active,Deep Work,10:00,12:00,115,Yes,86,42,46,229.9,315,1,0,8,28,5980,1495,91,85,Low,refactor/core,5
3/4/2026,Wednesday,March,2026,Shashwath-K,Laptop,Windows 11,Power BI,Data Analysis,Various,N/A,Personal,Active,Deep Work,10:00,12:00,167,Yes,41,59,80,312.3,247,1,0,0,0,4676,7348,89,93,Medium,refactor/core,2.92
2/6/2026,Friday,February,2026,Shashwath-K,Mobile,Android,Chrome,Browser,Various,N/A,Personal,Active,Distraction,10:00,12:00,58,No,20,58,73,76.1,0,0,0,0,0,1624,1044,27,11,Low,feature/ui,1.98
1/5/2026,Monday,January,2026,Shashwath-K,Laptop,Windows 11,VS Code,Coding,Various,University_Policy_Chatbot,Research,Active,Deep Work,10:00,12:00,111,Yes,86,67,69,297.7,396,4,0,10,19,3996,4107,79,84,Medium,feature/ui,1.76
12/29/2025,Monday,December,2025,Shashwath-K,Laptop,Windows 11,Jupyter,Coding,Various,python_based_simple_resume_analyzer,Research,Active,Deep Work,10:00,12:00,100,Yes,77,95,20,425.5,366,8,0,0,0,5300,600,85,90,Low,dev,1.57
1/31/2026,Saturday,January,2026,Shashwath-K,Laptop,Windows 11,VS Code,Coding,Various,Cybersecurity-Demo-Dashboard,Research,Active,Deep Work,10:00,12:00,103,Yes,92,48,75,192.6,142,9,0,12,7,7828,1133,79,84,High,feature/ui,3.44
3/2/2026,Monday,March,2026,Shashwath-K,Laptop,Windows 11,Power BI,Data Analysis,Various,N/A,Personal,Active,Deep Work,10:00,12:00,124,Yes,56,69,52,58.5,108,2,0,0,0,4960,4216,84,89,Low,refactor/core,4.15
1/20/2026,Tuesday,January,2026,Shashwath-K,Laptop,Windows 11,Jupyter,Coding,Various,Tree-flow-alpha,Research,Active,Deep Work,10:00,12:00,143,Yes,95,66,54,65,229,3,0,0,0,3575,4576,94,84,High,hotfix/bug-123,4.68
12/5/2025,Friday,December,2025,Shashwath-K,Mobile,Android,Instagram,Social,Various,N/A,Personal,Active,Distraction,10:00,12:00,136,No,18,58,78,434.7,0,0,0,0,0,3400,3264,25,18,Low,refactor/core,1.38
1/21/2026,Wednesday,January,2026,Shashwath-K,Laptop,Windows 11,Power BI,Data Analysis,Various,N/A,Personal,Active,Deep Work,10:00,12:00,153,Yes,40,50,21,241.9,220,2,0,0,0,6732,1530,89,84,Low,refactor/core,4.4
2/8/2026,Sunday,February,2026,Shashwath-K,Laptop,Windows 11,Antigravity,Coding,Various,python_based_simple_resume_analyzer,Personal,Active,Deep Work,10:00,12:00,159,Yes,38,62,80,27.2,0,1,0,0,0,5883,4929,95,93,Low,feature/ui,1.76
2/26/2026,Thursday,February,2026,Shashwath-K,Laptop,Windows 11,Power BI,Data Analysis,Various,N/A,Personal,Active,Deep Work,10:00,12:00,99,Yes,54,63,23,287.8,113,3,0,0,0,3366,2970,88,81,Medium,refactor/core,0.98
12/31/2025,Wednesday,December,2025,Shashwath-K,Laptop,Windows 11,VS Code,Coding,Various,python_based_simple_resume_analyzer,Research,Active,Deep Work,10:00,12:00,172,Yes,60,93,89,15.9,370,6,0,0,8,12728,8084,78,90,Medium,refactor/core,1.31
1/20/2026,Tuesday,January,2026,Shashwath-K,Mobile,Android,Chrome,Browser,Various,N/A,Personal,Active,Distraction,10:00,12:00,112,No,26,50,23,324.5,0,0,0,0,0,5600,5264,29,6,Low,feature/ui,2.7
1/12/2026,Monday,January,2026,Shashwath-K,Mobile,Android,YouTube,Media,Various,N/A,Personal,Active,Distraction,10:00,12:00,134,No,15,66,71,48.1,0,0,0,0,0,9916,6432,33,29,High,refactor/core,2.53
1/14/2026,Wednesday,January,2026,Shashwath-K,Laptop,Windows 11,YouTube,Media,Various,N/A,Personal,Active,Distraction,10:00,12:00,84,No,22,87,87,76.8,0,0,0,0,0,6132,3948,37,30,Medium,hotfix/bug-123,1.8
1/16/2026,Friday,January,2026,Shashwath-K,Laptop,Windows 11,VS Code,Coding,Various,log_stat_analyzer,Personal,Active,Deep Work,10:00,12:00,74,Yes,75,75,51,411.3,278,5,0,9,27,1924,3404,89,79,Low,feature/ui,0.92
1/29/2026,Thursday,January,2026,Shashwath-K,Laptop,Windows 11,Jupyter,Coding,Various,University_Policy_Chatbot,Research,Active,Deep Work,10:00,12:00,131,Yes,95,57,39,495.7,399,3,0,0,0,4585,1572,84,85,Medium,refactor/core,3.08
11/19/2025,Wednesday,November,2025,Shashwath-K,Laptop,Windows 11,Power BI,Data Analysis,Various,N/A,Personal,Active,Deep Work,10:00,12:00,122,Yes,42,69,88,43.6,331,9,0,0,0,6832,6100,98,91,High,main,1.28
1/7/2026,Wednesday,January,2026,Shashwath-K,Laptop,Windows 11,Power BI,Data Analysis,Various,N/A,Personal,Active,Deep Work,10:00,12:00,33,Yes,64,93,59,169.6,103,4,0,0,0,1056,1122,93,73,Low,dev,0.94
11/11/2025,Tuesday,November,2025,Shashwath-K,Laptop,Windows 11,IntelliJ IDEA,App Development,Various,Portfolio-24,Personal,Active,Deep Work,10:00,12:00,40,Yes,44,40,31,209.9,0,1,0,0,0,2320,1040,91,71,Low,feature/ui,4.4
12/12/2025,Friday,December,2025,Shashwath-K,Laptop,Windows 11,VS Code,Coding,Various,SkillSphere-Demo,Personal,Active,Deep Work,10:00,12:00,169,Yes,62,81,70,159.6,283,3,0,10,18,7267,3549,84,85,High,dev,2.45
11/2/2025,Sunday,November,2025,Shashwath-K,Laptop,Windows 11,YouTube,Media,Various,N/A,Personal,Active,Distraction,10:00,12:00,106,No,18,66,40,164.6,0,0,0,0,0,7950,1696,19,11,Low,dev,1.76
2/16/2026,Monday,February,2026,Shashwath-K,Laptop,Windows 11,Power BI,Data Analysis,Various,N/A,Personal,Active,Deep Work,10:00,12:00,134,Yes,49,81,63,399.2,117,10,0,0,0,2144,2010,94,81,High,hotfix/bug-123,1.75
1/19/2026,Monday,January,2026,Shashwath-K,Laptop,Windows 11,Chrome,Browser,Various,N/A,Personal,Active,Deep Work,10:00,12:00,41,Yes,20,67,98,174.6,0,1,0,0,0,1927,1435,84,70,High,feature/ui,1.95
1/27/2026,Tuesday,January,2026,Shashwath-K,Laptop,Windows 11,IntelliJ IDEA,App Development,Various,Python_auto_documenter,Personal,Active,Deep Work,10:00,12:00,37,Yes,50,52,36,175.1,0,1,0,0,0,1628,1480,80,77,Medium,hotfix/bug-123,2.05
2/5/2026,Thursday,February,2026,Shashwath-K,Mobile,Android,Instagram,Social,Various,N/A,Personal,Active,Distraction,10:00,12:00,104,No,13,70,37,10.3,0,0,0,0,0,5096,2184,19,25,Low,main,3.98
3/14/2026,Saturday,March,2026,Shashwath-K,Mobile,Android,Instagram,Social,Various,N/A,Personal,Active,Distraction,10:00,12:00,122,No,14,41,28,19.2,0,0,0,0,0,7808,3172,32,21,Low,dev,4.25
11/23/2025,Sunday,November,2025,Shashwath-K,Laptop,Windows 11,Antigravity,Coding,Various,python_based_simple_resume_analyzer,Personal,Active,Deep Work,10:00,12:00,101,Yes,44,87,48,118,0,9,0,0,0,7777,3939,90,95,Low,refactor/core,1.91
10/26/2025,Sunday,October,2025,Shashwath-K,Laptop,Windows 11,Chrome,Browser,Various,N/A,Research,Active,Deep Work,10:00,12:00,179,Yes,26,55,67,392.4,0,10,0,0,0,6265,2148,96,94,Low,main,3.16
1/16/2026,Friday,January,2026,Shashwath-K,Laptop,Windows 11,Jupyter,Coding,Various,SkillSphere-Demo,Research,Active,Deep Work,10:00,12:00,115,Yes,90,47,84,40.9,273,4,0,0,0,7360,3220,88,79,High,feature/ui,4.99
3/14/2026,Saturday,March,2026,Shashwath-K,Laptop,Windows 11,Chrome,Browser,Various,N/A,Personal,Active,Deep Work,10:00,12:00,104,Yes,44,84,32,303.7,0,1,0,0,0,6552,832,89,72,Medium,hotfix/bug-123,3.25
12/20/2025,Saturday,December,2025,Shashwath-K,Laptop,Windows 11,YouTube,Media,Various,N/A,Personal,Active,Distraction,10:00,12:00,110,No,18,54,59,467.5,0,0,0,0,0,3190,2090,24,6,Low,feature/ui,4.32
12/11/2025,Thursday,December,2025,Shashwath-K,Laptop,Windows 11,VS Code,Coding,Various,TablerMedian,Research,Active,Deep Work,10:00,12:00,117,Yes,84,49,83,317.4,343,5,0,11,29,6435,2340,86,90,Low,main,4.84
1/2/2026,Friday,January,2026,Shashwath-K,Mobile,Android,YouTube,Media,Various,N/A,Personal,Active,Distraction,10:00,12:00,57,No,26,53,57,467.8,0,0,0,0,0,2850,1254,10,26,Medium,feature/ui,1.68
3/8/2026,Sunday,March,2026,Shashwath-K,Mobile,Android,Instagram,Social,Various,N/A,Personal,Active,Distraction,10:00,12:00,41,No,10,74,65,277,0,0,0,0,0,3034,328,34,27,Low,feature/ui,4.5
1/10/2026,Saturday,January,2026,Shashwath-K,Laptop,Windows 11,Power BI,Data Analysis,Various,N/A,Personal,Active,Deep Work,10:00,12:00,65,Yes,63,68,36,249.4,109,9,0,0,0,1690,715,92,92,Medium,main,2.85
1/17/2026,Saturday,January,2026,Shashwath-K,Laptop,Windows 11,VS Code,Coding,Various,lane_edge_detection_pipeline,Research,Active,Deep Work,10:00,12:00,76,Yes,89,86,37,214.9,294,4,0,12,15,6004,3648,83,94,Low,feature/ui,1.92
11/28/2025,Friday,November,2025,Shashwath-K,Mobile,Android,Instagram,Social,Various,N/A,Personal,Active,Distraction,10:00,12:00,84,No,11,51,29,350.6,0,0,0,0,0,1008,2604,18,23,Low,hotfix/bug-123,3.99
11/28/2025,Friday,November,2025,Shashwath-K,Laptop,Windows 11,VS Code,Coding,Various,Portfolio-24,Research,Active,Deep Work,10:00,12:00,111,Yes,70,82,26,99.6,288,9,2,13,18,3108,2331,89,90,High,feature/ui,1.27
3/3/2026,Tuesday,March,2026,Shashwath-K,Mobile,Android,Instagram,Social,Various,N/A,Personal,Active,Distraction,10:00,12:00,177,No,19,73,21,310.7,0,0,0,0,0,4071,8142,25,26,High,feature/ui,1.97
2/8/2026,Sunday,February,2026,Shashwath-K,Laptop,Windows 11,Antigravity,Coding,Various,University_Policy_Chatbot,Personal,Active,Deep Work,10:00,12:00,66,Yes,36,40,76,169.9,0,9,0,0,0,2046,2178,86,88,Low,refactor/core,1.16
2/28/2026,Saturday,February,2026,Shashwath-K,Laptop,Windows 11,Jupyter,Coding,Various,Cybersecurity-Demo-Dashboard,Research,Active,Deep Work,10:00,12:00,127,Yes,83,57,43,49,219,6,0,0,0,2286,2921,92,72,Low,main,2.56
11/13/2025,Thursday,November,2025,Shashwath-K,Laptop,Windows 11,VS Code,Coding,Various,SkillSphere-Demo,Research,Active,Deep Work,10:00,12:00,64,Yes,91,54,71,374.2,360,3,0,12,3,2432,2560,90,76,Low,refactor/core,4.18
2/15/2026,Sunday,February,2026,Shashwath-K,Laptop,Windows 11,VS Code,Coding,Various,python_based_simple_resume_analyzer,Personal,Active,Deep Work,10:00,12:00,169,Yes,84,81,31,85.7,109,1,0,13,24,9126,845,87,72,Low,main,4.15
2/1/2026,Sunday,February,2026,Shashwath-K,Laptop,Windows 11,Power BI,Data Analysis,Various,N/A,Personal,Active,Deep Work,10:00,12:00,83,Yes,53,42,29,410.3,73,10,0,0,0,1660,2739,88,95,High,dev,3.1
3/9/2026,Monday,March,2026,Shashwath-K,Laptop,Windows 11,YouTube,Media,Various,N/A,Personal,Active,Distraction,10:00,12:00,149,No,16,59,88,331.2,0,0,0,0,0,7599,5066,38,27,Low,refactor/core,2.1
11/10/2025,Monday,November,2025,Shashwath-K,Mobile,Android,Chrome,Browser,Various,N/A,Personal,Active,Distraction,10:00,12:00,97,No,21,85,56,442.6,0,0,0,0,0,5820,3880,33,13,Medium,refactor/core,0.58
1/24/2026,Saturday,January,2026,Shashwath-K,Mobile,Android,Instagram,Social,Various,N/A,Personal,Active,Distraction,10:00,12:00,71,No,15,41,65,458.7,0,0,0,0,0,2414,1420,34,13,Medium,main,1.69
11/20/2025,Thursday,November,2025,Shashwath-K,Laptop,Windows 11,Power BI,Data Analysis,Various,N/A,Personal,Active,Deep Work,10:00,12:00,85,Yes,40,53,69,172.5,266,2,0,0,0,4420,2295,92,87,Low,main,2.17
1/21/2026,Wednesday,January,2026,Shashwath-K,Laptop,Windows 11,VS Code,Coding,Various,TablerMedian,Personal,Active,Deep Work,10:00,12:00,153,Yes,84,41,25,109.4,340,7,0,0,25,4896,1377,83,87,High,dev,3.79
12/18/2025,Thursday,December,2025,Shashwath-K,Mobile,Android,Instagram,Social,Various,N/A,Personal,Active,Distraction,10:00,12:00,99,No,13,91,27,282.7,0,0,0,0,0,7722,3366,23,19,Low,dev,1.36
12/7/2025,Sunday,December,2025,Shashwath-K,Mobile,Android,Instagram,Social,Various,N/A,Personal,Active,Distraction,10:00,12:00,159,No,13,46,82,473.9,0,0,0,0,0,12561,6042,26,14,High,hotfix/bug-123,1.67
3/11/2026,Wednesday,March,2026,Shashwath-K,Laptop,Windows 11,Power BI,Data Analysis,Various,N/A,Personal,Active,Deep Work,10:00,12:00,39,Yes,47,93,72,77.2,373,6,0,0,0,2301,1170,92,81,Medium,dev,0.79
1/27/2026,Tuesday,January,2026,Shashwath-K,Laptop,Windows 11,IntelliJ IDEA,App Development,Various,Python_auto_documenter,Personal,Active,Deep Work,10:00,12:00,31,Yes,48,82,28,172.3,0,6,0,0,0,1023,1395,75,84,Medium,feature/ui,1.83
3/14/2026,Saturday,March,2026,Shashwath-K,Laptop,Windows 11,VS Code,Coding,Various,Python_auto_documenter,Personal,Active,Deep Work,10:00,12:00,167,Yes,70,89,69,165.5,176,9,0,7,10,8183,1837,88,84,Low,dev,4.63
2/19/2026,Thursday,February,2026,Shashwath-K,Laptop,Windows 11,Chrome,Browser,Various,N/A,Personal,Active,Deep Work,10:00,12:00,41,Yes,22,87,51,180.1,0,5,0,0,0,615,1271,86,88,High,hotfix/bug-123,4.72
2/20/2026,Friday,February,2026,Shashwath-K,Mobile,Android,Chrome,Browser,Various,N/A,Personal,Active,Distraction,10:00,12:00,67,No,24,95,99,117.3,0,0,0,0,0,670,469,31,9,Low,main,1.14
3/7/2026,Saturday,March,2026,Shashwath-K,Mobile,Android,Instagram,Social,Various,N/A,Personal,Active,Distraction,10:00,12:00,135,No,11,72,45,391.3,0,0,0,0,0,3240,1080,38,29,Low,refactor/core,3.75
1/6/2026,Tuesday,January,2026,Shashwath-K,Laptop,Windows 11,Chrome,Browser,Various,N/A,Personal,Active,Deep Work,10:00,12:00,44,Yes,26,65,49,291.1,0,6,0,0,0,3476,1320,87,92,Low,refactor/core,2.59
3/1/2026,Sunday,March,2026,Shashwath-K,Laptop,Windows 11,IntelliJ IDEA,App Development,Various,lane_edge_detection_pipeline,Personal,Active,Deep Work,10:00,12:00,113,Yes,46,58,35,423.2,0,7,0,0,0,7571,1243,87,91,High,dev,1.93
1/13/2026,Tuesday,January,2026,Shashwath-K,Laptop,Windows 11,YouTube,Media,Various,N/A,Personal,Active,Distraction,10:00,12:00,99,No,28,58,88,73.8,0,0,0,0,0,4257,3168,11,11,High,main,4.02
10/24/2025,Friday,October,2025,Shashwath-K,Laptop,Windows 11,Chrome,Browser,Various,N/A,Personal,Active,Deep Work,10:00,12:00,161,Yes,23,81,36,49.8,0,6,0,0,0,3703,3059,95,76,High,dev,1.95
1/24/2026,Saturday,January,2026,Shashwath-K,Laptop,Windows 11,Antigravity,Coding,Various,log_stat_analyzer,Personal,Active,Deep Work,10:00,12:00,101,Yes,34,66,53,219.8,0,2,0,0,0,5555,1111,86,89,Medium,hotfix/bug-123,2.52
1/6/2026,Tuesday,January,2026,Shashwath-K,Laptop,Windows 11,VS Code,Coding,Various,Python_auto_documenter,Personal,Active,Deep Work,10:00,12:00,58,Yes,77,56,92,353,69,2,0,1,2,2436,2088,88,76,Low,feature/ui,2.52
1/27/2026,Tuesday,January,2026,Shashwath-K,Laptop,Windows 11,Antigravity,Coding,Various,log_stat_analyzer,Personal,Active,Deep Work,10:00,12:00,131,Yes,41,95,59,299.5,0,10,0,0,0,6419,3275,90,70,High,refactor/core,0.83
2/18/2026,Wednesday,February,2026,Shashwath-K,Laptop,Windows 11,Antigravity,Coding,Various,TablerMedian,Personal,Active,Deep Work,10:00,12:00,36,Yes,33,77,81,183.1,0,1,0,0,0,1800,900,97,80,High,main,3.25
1/6/2026,Tuesday,January,2026,Shashwath-K,Laptop,Windows 11,VS Code,Coding,Various,SkillSphere-Demo,Research,Active,Deep Work,10:00,12:00,46,Yes,79,86,20,99.6,327,10,0,3,19,2070,230,84,80,Low,dev,2.2
10/28/2025,Tuesday,October,2025,Shashwath-K,Mobile,Android,Instagram,Social,Various,N/A,Personal,Active,Distraction,10:00,12:00,149,No,14,67,22,106.9,0,0,0,0,0,5960,2682,13,14,Medium,feature/ui,2.37
2/27/2026,Friday,February,2026,Shashwath-K,Laptop,Windows 11,YouTube,Media,Various,N/A,Personal,Active,Distraction,10:00,12:00,138,No,29,88,96,491.4,0,0,0,0,0,10764,3450,36,17,High,hotfix/bug-123,1.28
1/10/2026,Saturday,January,2026,Shashwath-K,Laptop,Windows 11,IntelliJ IDEA,App Development,Various,SkillSphere-Demo,Personal,Active,Deep Work,10:00,12:00,80,Yes,37,72,32,90.3,0,5,0,0,0,2960,2080,94,90,Medium,dev,1.03
1/14/2026,Wednesday,January,2026,Shashwath-K,Laptop,Windows 11,Jupyter,Coding,Various,python_based_simple_resume_analyzer,Research,Active,Deep Work,10:00,12:00,30,Yes,92,73,84,177.4,123,2,0,0,0,2310,210,95,86,High,hotfix/bug-123,1.59
2/24/2026,Tuesday,February,2026,Shashwath-K,Laptop,Windows 11,VS Code,Coding,Various,Tree-flow-alpha,Personal,Active,Deep Work,10:00,12:00,166,Yes,75,75,59,32.7,204,3,0,8,14,2988,5644,93,84,High,hotfix/bug-123,2.36
2/14/2026,Saturday,February,2026,Shashwath-K,Laptop,Windows 11,Power BI,Data Analysis,Various,N/A,Personal,Active,Deep Work,10:00,12:00,44,Yes,54,71,34,272.3,136,10,0,0,0,2596,2024,92,87,Low,main,3.09
3/6/2026,Friday,March,2026,Shashwath-K,Laptop,Windows 11,Power BI,Data Analysis,Various,N/A,Personal,Active,Deep Work,10:00,12:00,32,Yes,53,76,32,376.8,203,5,0,0,0,480,1248,95,77,Medium,hotfix/bug-123,2
3/4/2026,Wednesday,March,2026,Shashwath-K,Laptop,Windows 11,VS Code,Coding,Various,SkillSphere-Demo,Research,Active,Deep Work,10:00,12:00,33,Yes,90,94,31,323.1,352,3,0,15,28,1947,693,86,74,Medium,hotfix/bug-123,1.16
11/3/2025,Monday,November,2025,Shashwath-K,Mobile,Android,Instagram,Social,Various,N/A,Personal,Active,Distraction,10:00,12:00,152,No,20,67,88,293.6,0,0,0,0,0,7904,6384,20,26,Medium,dev,3.46
11/29/2025,Saturday,November,2025,Shashwath-K,Laptop,Windows 11,Chrome,Browser,Various,N/A,Personal,Active,Deep Work,10:00,12:00,173,Yes,39,87,98,465,0,9,0,0,0,4152,1038,89,72,Low,refactor/core,1.75
1/27/2026,Tuesday,January,2026,Shashwath-K,Laptop,Windows 11,VS Code,Coding,Various,University_Policy_Chatbot,Personal,Active,Deep Work,10:00,12:00,94,Yes,65,73,78,417,116,6,0,3,18,3948,846,76,87,Low,dev,3.56
1/30/2026,Friday,January,2026,Shashwath-K,Laptop,Windows 11,Antigravity,Coding,Various,University_Policy_Chatbot,Personal,Active,Deep Work,10:00,12:00,146,Yes,29,87,81,83.5,0,10,0,0,0,5548,1752,83,72,Medium,main,2.05
1/14/2026,Wednesday,January,2026,Shashwath-K,Laptop,Windows 11,Antigravity,Coding,Various,University_Policy_Chatbot,Personal,Active,Deep Work,10:00,12:00,155,Yes,37,69,32,331.6,0,9,0,0,0,8215,6045,76,81,High,dev,1.87
1/8/2026,Thursday,January,2026,Shashwath-K,Laptop,Windows 11,VS Code,Coding,Various,Python_auto_documenter,Research,Active,Deep Work,10:00,12:00,145,Yes,67,57,33,361.5,356,1,0,15,4,2900,5510,77,74,High,refactor/core,0.55
1/11/2026,Sunday,January,2026,Shashwath-K,Laptop,Windows 11,Antigravity,Coding,Various,log_stat_analyzer,Personal,Active,Deep Work,10:00,12:00,119,Yes,45,84,35,345.4,0,3,0,0,0,9282,2380,93,95,Medium,main,3.18
3/5/2026,Thursday,March,2026,Shashwath-K,Laptop,Windows 11,Power BI,Data Analysis,Various,N/A,Personal,Active,Deep Work,10:00,12:00,43,Yes,47,92,69,207.5,317,8,0,0,0,645,1247,83,79,High,main,3.02
3/7/2026,Saturday,March,2026,Shashwath-K,Laptop,Windows 11,Jupyter,Coding,Various,Tree-flow-alpha,Research,Active,Deep Work,10:00,12:00,82,Yes,93,66,29,406.4,156,8,0,0,0,984,3034,77,77,Medium,refactor/core,3.98
1/28/2026,Wednesday,January,2026,Shashwath-K,Mobile,Android,Instagram,Social,Various,N/A,Personal,Active,Distraction,10:00,12:00,52,No,15,45,98,130,0,0,0,0,0,2392,1196,16,19,Medium,refactor/core,1
1/18/2026,Sunday,January,2026,Shashwath-K,Laptop,Windows 11,Jupyter,Coding,Various,University_Policy_Chatbot,Research,Active,Deep Work,10:00,12:00,102,Yes,93,89,78,246.2,286,6,0,0,0,4896,2040,96,79,Low,refactor/core,1.83
1/4/2026,Sunday,January,2026,Shashwath-K,Laptop,Windows 11,Power BI,Data Analysis,Various,N/A,Personal,Active,Deep Work,10:00,12:00,103,Yes,54,77,61,362.1,364,1,0,0,0,2884,2163,83,89,Medium,dev,3.51
11/24/2025,Monday,November,2025,Shashwath-K,Mobile,Android,YouTube,Media,Various,N/A,Personal,Active,Distraction,10:00,12:00,164,No,26,54,77,321.5,0,0,0,0,0,2296,2788,15,21,High,refactor/core,3.37
3/5/2026,Thursday,March,2026,Shashwath-K,Laptop,Windows 11,Antigravity,Coding,Various,Python_auto_documenter,Personal,Active,Deep Work,10:00,12:00,133,Yes,40,68,94,313.6,0,6,0,0,0,7847,3990,88,90,Medium,hotfix/bug-123,1.41
1/17/2026,Saturday,January,2026,Shashwath-K,Laptop,Windows 11,Jupyter,Coding,Various,Cybersecurity-Demo-Dashboard,Research,Active,Deep Work,10:00,12:00,63,Yes,81,62,53,305.9,105,1,0,0,0,4347,1512,98,78,Low,dev,4.67
2/2/2026,Monday,February,2026,Shashwath-K,Laptop,Windows 11,IntelliJ IDEA,App Development,Various,Python_auto_documenter,Personal,Active,Deep Work,10:00,12:00,64,Yes,45,84,90,327.3,0,7,0,0,0,4544,1728,94,89,Low,refactor/core,2.5
1/10/2026,Saturday,January,2026,Shashwath-K,Laptop,Windows 11,Chrome,Browser,Various,N/A,Research,Active,Deep Work,10:00,12:00,143,Yes,45,74,66,270.9,0,6,0,0,0,8151,1144,87,74,Low,main,4.26
3/7/2026,Saturday,March,2026,Shashwath-K,Mobile,Android,Instagram,Social,Various,N/A,Personal,Active,Distraction,10:00,12:00,74,No,13,43,50,302.2,0,0,0,0,0,4958,3404,40,9,Medium,dev,4.41
2/16/2026,Monday,February,2026,Shashwath-K,Laptop,Windows 11,Chrome,Browser,Various,N/A,Personal,Active,Distraction,10:00,12:00,37,No,24,65,92,38.8,0,0,0,0,0,629,925,18,30,High,dev,4.48
1/2/2026,Friday,January,2026,Shashwath-K,Laptop,Windows 11,VS Code,Coding,Various,Cybersecurity-Demo-Dashboard,Research,Active,Deep Work,10:00,12:00,86,Yes,61,76,32,106.6,141,7,0,15,0,6622,1032,87,92,High,feature/ui,2.7
1/5/2026,Monday,January,2026,Shashwath-K,Laptop,Windows 11,Jupyter,Coding,Various,lane_edge_detection_pipeline,Research,Active,Deep Work,10:00,12:00,112,Yes,76,91,85,435.1,63,8,0,0,0,4144,1904,91,91,Medium,feature/ui,1.97
3/14/2026,Saturday,March,2026,Shashwath-K,Mobile,Android,Instagram,Social,Various,N/A,Personal,Active,Distraction,10:00,12:00,69,No,12,68,77,340.4,0,0,0,0,0,3657,345,31,17,High,refactor/core,0.86
1/5/2026,Monday,January,2026,Shashwath-K,Laptop,Windows 11,Jupyter,Coding,Various,TablerMedian,Research,Active,Deep Work,10:00,12:00,163,Yes,78,82,99,105.1,84,3,0,0,0,3912,6031,82,70,Low,hotfix/bug-123,2.85
11/10/2025,Monday,November,2025,Shashwath-K,Laptop,Windows 11,Jupyter,Coding,Various,TablerMedian,Research,Active,Deep Work,10:00,12:00,41,Yes,95,48,65,195.4,359,10,0,0,0,1230,2009,80,95,High,feature/ui,1.74
3/11/2026,Wednesday,March,2026,Shashwath-K,Laptop,Windows 11,Jupyter,Coding,Various,Cybersecurity-Demo-Dashboard,Research,Active,Deep Work,10:00,12:00,109,Yes,92,90,70,372.1,333,6,0,0,0,5450,545,78,75,High,main,2.97
3/6/2026,Friday,March,2026,Shashwath-K,Laptop,Windows 11,YouTube,Media,Various,N/A,Personal,Active,Distraction,10:00,12:00,151,No,24,76,23,414.1,0,0,0,0,0,3020,4832,23,11,High,hotfix/bug-123,2.43
3/5/2026,Thursday,March,2026,Shashwath-K,Laptop,Windows 11,VS Code,Coding,Various,SkillSphere-Demo,Research,Active,Deep Work,10:00,12:00,163,Yes,80,92,66,61.4,364,8,0,3,28,9943,1793,88,90,Low,dev,1.5
2/24/2026,Tuesday,February,2026,Shashwath-K,Laptop,Windows 11,IntelliJ IDEA,App Development,Various,python_based_simple_resume_analyzer,Personal,Active,Deep Work,10:00,12:00,96,Yes,31,44,96,304.8,0,10,0,0,0,6816,1920,92,88,High,hotfix/bug-123,3.92
3/8/2026,Sunday,March,2026,Shashwath-K,Laptop,Windows 11,IntelliJ IDEA,App Development,Various,Tree-flow-alpha,Personal,Active,Deep Work,10:00,12:00,157,Yes,49,40,59,345.9,0,4,0,0,0,11461,3140,90,70,High,dev,2.85
2/22/2026,Sunday,February,2026,Shashwath-K,Laptop,Windows 11,YouTube,Media,Various,N/A,Personal,Active,Distraction,10:00,12:00,61,No,29,92,22,374,0,0,0,0,0,3233,1586,15,9,High,dev,2.08
2/4/2026,Wednesday,February,2026,Shashwath-K,Laptop,Windows 11,Antigravity,Coding,Various,lane_edge_detection_pipeline,Personal,Active,Deep Work,10:00,12:00,118,Yes,45,85,90,146.4,0,5,0,0,0,8024,1298,84,73,Low,dev,3.48
3/3/2026,Tuesday,March,2026,Shashwath-K,Mobile,Android,YouTube,Media,Various,N/A,Personal,Active,Distraction,10:00,12:00,163,No,17,95,52,494.8,0,0,0,0,0,5705,3097,15,16,Medium,dev,2.38
1/24/2026,Saturday,January,2026,Shashwath-K,Laptop,Windows 11,VS Code,Coding,Various,Python_auto_documenter,Research,Active,Deep Work,10:00,12:00,68,Yes,83,94,90,475.7,72,9,0,13,24,748,3196,87,77,High,hotfix/bug-123,1.35
11/6/2025,Thursday,November,2025,Shashwath-K,Laptop,Windows 11,VS Code,Coding,Various,Portfolio-24,Research,Active,Deep Work,10:00,12:00,41,Yes,81,88,97,309.9,222,5,0,14,0,2460,1599,94,80,Low,dev,4.35
1/26/2026,Monday,January,2026,Shashwath-K,Mobile,Android,YouTube,Media,Various,N/A,Personal,Active,Distraction,10:00,12:00,143,No,17,83,60,200.7,0,0,0,0,0,2860,7150,14,27,Low,dev,3.54
3/10/2026,Tuesday,March,2026,Shashwath-K,Mobile,Android,Chrome,Browser,Various,N/A,Personal,Active,Distraction,10:00,12:00,137,No,37,78,75,69.9,0,0,0,0,0,10960,5343,37,8,Low,main,4.02
11/10/2025,Monday,November,2025,Shashwath-K,Laptop,Windows 11,Chrome,Browser,Various,N/A,Personal,Active,Deep Work,10:00,12:00,148,Yes,26,93,39,312.4,0,2,0,0,0,2960,1480,96,80,Medium,refactor/core,4.17
2/1/2026,Sunday,February,2026,Shashwath-K,Laptop,Windows 11,Antigravity,Coding,Various,Portfolio-24,Personal,Active,Deep Work,10:00,12:00,168,Yes,30,89,52,110.9,0,5,0,0,0,5376,840,85,74,Low,main,1.55
3/7/2026,Saturday,March,2026,Shashwath-K,Mobile,Android,YouTube,Media,Various,N/A,Personal,Active,Distraction,10:00,12:00,139,No,20,56,22,84.4,0,0,0,0,0,3753,834,39,12,Medium,feature/ui,1.16
1/13/2026,Tuesday,January,2026,Shashwath-K,Laptop,Windows 11,IntelliJ IDEA,App Development,Various,lane_edge_detection_pipeline,Personal,Active,Deep Work,10:00,12:00,75,Yes,38,55,95,317.9,0,5,0,0,0,1200,600,85,95,Low,feature/ui,2.72
1/16/2026,Friday,January,2026,Shashwath-K,Laptop,Windows 11,Antigravity,Coding,Various,lane_edge_detection_pipeline,Personal,Active,Deep Work,10:00,12:00,80,Yes,32,80,74,268.3,0,1,0,0,0,2800,3680,95,78,High,main,0.68
2/27/2026,Friday,February,2026,Shashwath-K,Laptop,Windows 11,Jupyter,Coding,Various,SkillSphere-Demo,Research,Active,Deep Work,10:00,12:00,31,Yes,85,42,76,199,125,8,0,0,0,1922,1395,75,85,Low,main,3.37
2/11/2026,Wednesday,February,2026,Shashwath-K,Laptop,Windows 11,Chrome,Browser,Various,N/A,Research,Active,Deep Work,10:00,12:00,59,Yes,26,87,78,346.2,0,9,0,0,0,2950,1711,91,77,Medium,feature/ui,0.64
12/5/2025,Friday,December,2025,Shashwath-K,Laptop,Windows 11,VS Code,Coding,Various,python_based_simple_resume_analyzer,Personal,Active,Deep Work,10:00,12:00,127,Yes,70,85,43,424.5,265,1,0,12,27,1905,3429,84,85,High,dev,3.28
3/8/2026,Sunday,March,2026,Shashwath-K,Laptop,Windows 11,Antigravity,Coding,Various,log_stat_analyzer,Personal,Active,Deep Work,10:00,12:00,166,Yes,25,71,62,126.3,0,2,0,0,0,5478,1328,77,77,Low,hotfix/bug-123,3.43
2/28/2026,Saturday,February,2026,Shashwath-K,Mobile,Android,Instagram,Social,Various,N/A,Personal,Active,Distraction,10:00,12:00,155,No,11,72,47,115.2,0,0,0,0,0,11315,4650,18,26,Low,hotfix/bug-123,2.63
2/15/2026,Sunday,February,2026,Shashwath-K,Laptop,Windows 11,YouTube,Media,Various,N/A,Personal,Active,Distraction,10:00,12:00,77,No,27,92,76,357.7,0,0,0,0,0,5929,3696,33,10,Medium,refactor/core,3.73
1/3/2026,Saturday,January,2026,Shashwath-K,Mobile,Android,YouTube,Media,Various,N/A,Personal,Active,Distraction,10:00,12:00,94,No,24,69,89,87.9,0,0,0,0,0,3478,1222,14,9,High,hotfix/bug-123,1.71
11/28/2025,Friday,November,2025,Shashwath-K,Laptop,Windows 11,VS Code,Coding,Various,TablerMedian,Personal,Active,Deep Work,10:00,12:00,115,Yes,75,75,92,324.2,222,8,0,14,1,5980,2300,87,85,High,feature/ui,3.41
3/13/2026,Friday,March,2026,Shashwath-K,Laptop,Windows 11,YouTube,Media,Various,N/A,Personal,Active,Distraction,10:00,12:00,123,No,18,45,45,487.2,0,0,0,0,0,2337,984,19,21,Low,hotfix/bug-123,2.2
3/5/2026,Thursday,March,2026,Shashwath-K,Laptop,Windows 11,YouTube,Media,Various,N/A,Personal,Active,Distraction,10:00,12:00,66,No,21,57,80,252.1,0,0,0,0,0,1518,2838,33,28,Low,dev,3.4
1/24/2026,Saturday,January,2026,Shashwath-K,Mobile,Android,Instagram,Social,Various,N/A,Personal,Active,Distraction,10:00,12:00,74,No,19,60,68,246.7,0,0,0,0,0,2516,370,28,17,Medium,dev,2.32
1/13/2026,Tuesday,January,2026,Shashwath-K,Laptop,Windows 11,IntelliJ IDEA,App Development,Various,python_based_simple_resume_analyzer,Personal,Active,Deep Work,10:00,12:00,142,Yes,34,58,35,368.9,0,8,0,0,0,6390,4544,80,85,High,main,1.52
1/6/2026,Tuesday,January,2026,Shashwath-K,Laptop,Windows 11,IntelliJ IDEA,App Development,Various,University_Policy_Chatbot,Personal,Active,Deep Work,10:00,12:00,142,Yes,47,66,27,449,0,8,0,0,0,10224,3976,89,76,Low,main,4.74
3/6/2026,Friday,March,2026,Shashwath-K,Laptop,Windows 11,Jupyter,Coding,Various,University_Policy_Chatbot,Research,Active,Deep Work,10:00,12:00,74,Yes,87,91,82,404.1,324,2,0,0,0,1332,2664,95,72,High,feature/ui,2.01
1/6/2026,Tuesday,January,2026,Shashwath-K,Laptop,Windows 11,Antigravity,Coding,Various,Cybersecurity-Demo-Dashboard,Personal,Active,Deep Work,10:00,12:00,47,Yes,31,78,37,129.7,0,7,0,0,0,3525,1692,91,95,Medium,main,3.87
2/6/2026,Friday,February,2026,Shashwath-K,Mobile,Android,Instagram,Social,Various,N/A,Personal,Active,Distraction,10:00,12:00,69,No,11,65,65,147.7,0,0,0,0,0,1794,2277,31,11,High,dev,3.41
1/26/2026,Monday,January,2026,Shashwath-K,Laptop,Windows 11,Chrome,Browser,Various,N/A,Personal,Active,Deep Work,10:00,12:00,130,Yes,41,69,94,300.4,0,7,0,0,0,8840,2210,82,95,High,feature/ui,4.29
3/6/2026,Friday,March,2026,Shashwath-K,Laptop,Windows 11,YouTube,Media,Various,N/A,Personal,Active,Distraction,10:00,12:00,49,No,17,80,25,411.2,0,0,0,0,0,2891,2303,22,16,High,dev,1.92
1/22/2026,Thursday,January,2026,Shashwath-K,Laptop,Windows 11,Chrome,Browser,Various,N/A,Personal,Active,Deep Work,10:00,12:00,34,Yes,31,72,71,265.1,0,5,0,0,0,1734,1462,97,90,Medium,dev,4.89
2/6/2026,Friday,February,2026,Shashwath-K,Mobile,Android,Chrome,Browser,Various,N/A,Personal,Active,Distraction,10:00,12:00,89,No,33,58,69,82,0,0,0,0,0,890,2848,40,12,High,refactor/core,0.87
10/31/2025,Friday,October,2025,Shashwath-K,Laptop,Windows 11,IntelliJ IDEA,App Development,Various,python_based_simple_resume_analyzer,Personal,Active,Deep Work,10:00,12:00,123,Yes,45,41,97,225.7,0,4,0,0,0,3198,1599,94,81,High,dev,2.79
2/5/2026,Thursday,February,2026,Shashwath-K,Laptop,Windows 11,VS Code,Coding,Various,lane_edge_detection_pipeline,Research,Active,Deep Work,10:00,12:00,49,Yes,87,61,71,396.1,127,8,0,9,28,1617,686,96,82,High,main,2.61
1/24/2026,Saturday,January,2026,Shashwath-K,Laptop,Windows 11,Chrome,Browser,Various,N/A,Personal,Active,Deep Work,10:00,12:00,40,Yes,45,53,87,126.6,0,3,0,0,0,1320,1080,75,86,Medium,feature/ui,4.33
3/4/2026,Wednesday,March,2026,Shashwath-K,Laptop,Windows 11,YouTube,Media,Various,N/A,Personal,Active,Distraction,10:00,12:00,49,No,15,43,98,123.2,0,0,0,0,0,2352,441,26,25,Low,hotfix/bug-123,0.84
3/3/2026,Tuesday,March,2026,Shashwath-K,Laptop,Windows 11,IntelliJ IDEA,App Development,Various,Portfolio-24,Personal,Active,Deep Work,10:00,12:00,84,Yes,32,87,76,450.5,0,7,0,0,0,3528,588,79,85,Low,dev,4.71
